{"RoomMatrix":[-0.9998477697372437,0.0,0.017452457919716835,0.5270744562149048,0.0,1.0,0.0,-2.2443833351135254,-0.017452457919716835,0.0,-0.9998477697372437,-0.778713047504425],"value":1}